<?xml version="1.0"?>
<!-- This is the master ant file to clean and then build all libraries and programs for the
	 book Computation Astronomy for Armchair Explorers. It does so by invoking each subordinate
	 ant build file, staring with the libraries. The end result is that all components
	 are compiled, javadocs are created, and executable jar files are created.
	 
	 IMPORTANT NOTE: The javadocs executable must be on the system path because Eclipse is not smart
	 enough to find it just by knowing where the Java JDK is installed. -->

<project basedir="." default="main" name="MasterBuild">
	
	<!-- Compile all the source code -->
	<target name="compile" depends="clean">
		<ant useNativeBaseDir="true" target="main" antfile="../ASTUtils/ant-build.xml"/>
		<ant useNativeBaseDir="true" target="main" antfile="../Chap1/ant-build.xml"/>
		<ant useNativeBaseDir="true" target="main" antfile="../Chap2/ant-build.xml"/>
		<ant useNativeBaseDir="true" target="main" antfile="../Chap3/ant-build.xml"/>
		<ant useNativeBaseDir="true" target="main" antfile="../Chap4/ant-build.xml"/>
		<ant useNativeBaseDir="true" target="main" antfile="../Chap5/ant-build.xml"/>
		<ant useNativeBaseDir="true" target="main" antfile="../Chap6/ant-build.xml"/>
		<ant useNativeBaseDir="true" target="main" antfile="../Chap7/ant-build.xml"/>
		<ant useNativeBaseDir="true" target="main" antfile="../Chap8/ant-build.xml"/>
		<ant useNativeBaseDir="true" target="main" antfile="../Chap9/ant-build.xml"/>
	</target>

	<!-- Delete all artifacts from any previous build -->
	<target name="clean">
		<ant useNativeBaseDir="true" target="clean" antfile="../ASTUtils/ant-build.xml"/>
		<ant useNativeBaseDir="true" target="clean" antfile="../Chap1/ant-build.xml"/>
		<ant useNativeBaseDir="true" target="clean" antfile="../Chap2/ant-build.xml"/>
		<ant useNativeBaseDir="true" target="clean" antfile="../Chap3/ant-build.xml"/>
		<ant useNativeBaseDir="true" target="clean" antfile="../Chap4/ant-build.xml"/>
		<ant useNativeBaseDir="true" target="clean" antfile="../Chap5/ant-build.xml"/>
		<ant useNativeBaseDir="true" target="clean" antfile="../Chap6/ant-build.xml"/>
		<ant useNativeBaseDir="true" target="clean" antfile="../Chap7/ant-build.xml"/>
		<ant useNativeBaseDir="true" target="clean" antfile="../Chap8/ant-build.xml"/>
		<ant useNativeBaseDir="true" target="clean" antfile="../Chap9/ant-build.xml"/>
	</target>

	<target name="main" depends="compile">
		<description>Main target</description>
	</target>

</project>